Longitud de onda, Intensidad de la luz
407.81, -1.8576206538274815
407.921, -1.8576206538274815
408.032, -1.8576206538274815
408.143, -1.8588124039750817
408.254, -1.8571988226660456
408.365, -1.4657238302240527
408.476, -0.9535488871691189
408.587, -1.599844428199235
408.699, -1.5701164271436834
408.81, -1.5979102876808935
408.921, -1.6686077690467709
409.032, -1.6340160248765
409.143, -1.4512857488002626
409.254, -1.4937501362912438
409.365, -1.3499491074034944
409.476, -1.6134335673444689
409.587, -1.5451845450995154
409.698, -1.4001241040591919
409.809, -1.3432208472933032
409.92, -1.635938916767614
410.031, -1.6026100467321822
410.142, -1.399907090495739
410.253, -1.5063237017867257
410.364, -1.4879459964961415
410.475, -1.533310944068489
410.585, -0.9634594938512828
410.696, -0.9150132059349481
410.807, -0.9557327737391833
410.918, -0.9319750145102291
411.029, -0.8343041020353016
411.14, -0.8606071319060862
411.251, -0.9407425656408581
411.362, -0.7843044615344928
411.472, -0.8062187764698551
411.583, -0.8277263401674401
411.694, -0.766700750630704
411.805, -0.9381326960261981
411.916, -0.9142164158052241
412.026, -0.7363673293504751
412.137, -0.8692323552742561
412.248, -0.8548546426996877
412.359, -0.9024602610916831
412.47, -1.0025811380837881
412.58, -0.9942084616337385
412.691, -0.8236901120186396
412.802, -0.8742846665808414
412.912, -0.9235636793604336
413.023, -0.8909619033500966
413.134, -0.917253832101948
413.245, -0.7293662813753529
413.355, -0.9112093681698463
413.466, -0.9445745368213729
413.577, -0.938316045114678
413.687, -0.7240394840742945
413.798, -1.0163426178922033
413.909, -0.7857750895656463
414.019, -0.8994024255461455
414.13, -0.855688002757231
414.24, -0.9625935795464764
414.351, -0.8034182244150667
414.462, -0.5084714484623306
414.572, -0.7547237314701992
414.683, -0.7809445369347051
414.793, -0.9083264169501457
414.904, -0.13183467303687546
415.014, -0.8742983035561807
415.125, -0.9672427520865169
415.235, -0.8109513544432134
415.346, -0.6293158062740479
415.456, -0.6034123016563997
415.567, -0.8415492898865423
415.677, -0.835363970110447
415.788, -0.7780724610020461
415.898, -0.9121434629562679
416.009, -0.8941097745857364
416.119, -0.8166522818195691
416.23, -0.9031872984217763
416.34, -0.9724678679800549
416.45, -0.8497960209558166
416.561, 0.8315034368246724
416.671, -0.5557457791101424
416.782, -1.0327303142884243
416.892, -0.9401616227141165
417.002, -0.7964037447143767
417.113, -0.748505417253156
417.223, -0.8542389065261904
417.333, -0.9197306123035941
417.444, -0.901018247777017
417.554, -0.7927536670209601
417.664, -0.751163913037659
417.775, -0.9756031552277358
417.885, -0.8683539633842462
417.995, -0.8279691842843098
418.106, -0.5381378068110911
418.216, -0.7478655499688432
418.326, -0.761351330021512
418.436, -0.8135095703555477
418.547, -0.8416755368923693
418.657, -0.9001716774395863
418.767, -0.6104772420010658
418.877, -0.8098130047420756
418.987, -0.8390799300847391
419.098, -0.7915831488109571
419.208, -0.7881450956485702
419.318, -0.6358788481033257
419.428, -0.7159988689593628
419.538, -0.8247459661575605
419.648, -0.7375076128308625
419.759, -0.6866577191577875
419.869, -0.6395481068412852
419.979, -0.8079690282821619
420.089, -0.758159017857089
420.199, -0.815204735501396
420.309, -0.7035122327140452
420.419, -0.6790676127559067
420.529, -0.7731058117595903
420.639, 0.3927584502863501
420.749, -0.5878212194862694
420.859, -0.6058142162972576
420.969, -0.6969381144805784
421.079, -0.21135342928948378
421.189, -0.5249139795985822
421.299, -0.6201658827919171
421.409, -0.8164100724844607
421.519, -0.5554592060040326
421.629, -0.5165250407194238
421.739, -0.743008547662511
421.849, -0.8441650518248947
421.959, -0.8432167310169288
422.069, -0.6315087669144875
422.179, -0.7668255444719027
422.289, -0.7785533907754199
422.399, -0.6884668992903815
422.509, -0.5019121335458985
422.619, 6.733819737818797
422.729, 0.0947462423187802
422.838, -0.7836575653862627
422.948, -0.6280673490125622
423.058, -0.7345422251437481
423.168, -0.6959016074374065
423.278, -0.685511524994683
423.388, -0.6138244722708109
423.498, -0.5222144074083085
423.607, -0.6064964151069191
423.717, -0.013161658392536673
423.827, 0.07120884582706823
423.937, -0.5498481690900097
424.046, -0.41583926666254045
424.156, -0.4032373643513242
424.266, -0.6029855259854763
424.376, -0.12970662480021963
424.485, -0.2321588963971633
424.595, -0.6072418765487295
424.705, -0.6634149184211886
424.815, -0.5751961967591485
424.924, 0.3505863993506926
425.034, -0.4039606563743177
425.144, -0.6997301030761715
425.253, -0.5409455708827242
425.363, -0.47669493171242794
425.473, -0.4234153627615391
425.582, -0.6715032547707708
425.692, -0.637947064806312
425.801, -0.6725689031894949
425.911, -0.28231758034127624
426.021, -0.4816948571372873
426.13, -0.33915392340002115
426.24, -0.0540276203902814
426.349, -0.2998068667274436
426.459, -0.4890307366322967
426.568, -0.6074873283042311
426.678, -0.2586731297604481
426.787, -0.5167251183189377
426.897, -0.5979992320036207
427.006, -0.5168911446772073
427.116, -0.3944997800647935
427.225, -0.5262900598722569
427.335, -0.3535216551938505
427.444, -0.5140517912509517
427.554, -0.37473406812732346
427.663, -0.45590886979363665
427.773, -0.5220433997515503
427.882, -0.37148682439877284
427.992, -0.5389343039791247
428.101, -0.4934750803661823
428.21, -0.5150884315059778
428.32, -0.43938705592514643
428.429, -0.5936633114390069
428.539, 0.10677843231293209
428.648, -0.4770566404397263
428.757, -0.3015810885494475
428.867, -0.36837568821629474
428.976, -0.14755049973435985
429.085, -0.35779491870709496
429.195, -0.47303366779626066
429.304, -0.4435978503956956
429.413, -0.32301109142180406
429.523, -0.2818490101476947
429.632, -0.3080762537199622
429.741, -0.341264804269225
429.85, -0.44264098835309534
429.96, -0.30841514862288116
430.069, -0.42307690256128916
430.178, -0.4338933270632253
430.287, 0.213661419769344
430.397, -0.34318288600063773
430.506, -0.36328275294954804
430.615, -0.3985338822095504
430.724, -0.28717371558068494
430.833, -0.29382200100503536
430.943, -0.28937194984907955
431.052, -0.29655111025442854
431.161, -0.39622306872622165
431.27, -0.27210937327554824
431.379, -0.3667702745344002
431.488, -0.016606808406270566
431.597, -0.12397195470404182
431.706, -0.09540387020391461
431.816, -0.26125588082539114
431.925, -0.26624539550921034
432.034, -0.28721154648990604
432.143, -0.1514330685970769
432.252, -0.23370638461234047
432.361, -0.025954700902470738
432.47, -0.2060746038686655
432.579, -0.24475740511510044
432.688, -0.26153049242673326
432.797, -0.18303705576476217
432.906, -0.35330590931542993
433.015, -0.13764394208523495
433.124, 0.6585932665071573
433.233, -0.09894483963308888
433.342, -0.0754548046265363
433.451, -0.2025466452352459
433.56, -0.2346875269188023
433.669, -0.22033354854768197
433.778, -0.23936732698478563
433.886, -0.14393965637434036
433.995, -0.1888126254482227
434.104, 0.12602693427583322
434.213, -0.09556628931321788
434.322, -0.19372846980054031
434.431, 0.10864002754271022
434.54, -0.037547526842933304
434.649, 0.24343500204605156
434.757, 0.010515707147327132
434.866, -0.06890625416915627
434.975, 0.057825044706307054
435.084, 0.07119237720426488
435.193, 0.034651409206644244
435.301, 0.4411817341798146
435.41, 0.6807558121288344
435.519, 0.8696479102209529
435.628, -0.09504892373504382
435.737, -0.2673715996319246
435.845, -0.29434572806999093
435.954, -0.34802793392652664
436.063, -0.22091136581097867
436.171, -0.24960123747356908
436.28, -0.1980106647200555
436.389, -0.014706869604996124
436.498, -0.20089397524175678
436.606, -0.192987139887606
436.715, 0.10787870818399606
436.823, -0.29620205330892335
436.932, -0.33732784564572293
437.041, -0.3141819535734084
437.149, -0.22374047508879882
437.258, -0.3560502949973156
437.367, -0.3789174868527436
437.475, -0.4001201272893918
437.584, 0.17938931047783657
437.692, -0.3056672867251811
437.801, 3.016794361190958
437.91, 0.0386418559429446
438.018, -0.3886887051871186
438.127, -0.467818676415517
438.235, -0.2358120192852396
438.344, -0.3896397417116851
438.452, -0.31924755582773406
438.561, -0.47216111774396424
438.669, -0.41741939207903733
438.778, -0.4675893171518471
438.886, -0.4206556086094997
438.995, -0.4644133338113508
439.103, -0.4164305331442743
439.212, -0.4202936802525008
439.32, -0.412952671730918
439.428, -0.4472099733689251
439.537, -0.36587945917766407
439.645, -0.23480221057142356
439.754, -0.29251066433850503
439.862, -0.4142824856991569
439.97, -0.3270712998248939
440.079, -0.36327889312171735
440.187, -0.5001864327929832
440.295, -0.11663159891117562
440.404, -0.36790211648710963
440.512, -0.32453530742314374
440.62, -0.24831107940629946
440.729, -0.18702236741047376
440.837, -0.14533425491410765
440.945, 1.1703273405968353
441.054, -0.06134617179285119
441.162, -0.26269770866243225
441.27, -0.05744772513261875
441.378, -0.22817971444920523
441.487, -0.21215661319650908
441.595, 0.5504645658935361
441.703, 0.0336889140926826
441.811, -0.11396824446442468
441.92, -0.23113845008418563
442.028, -0.3395046111538382
442.136, -0.19799525283304029
442.244, -0.14302207702008124
442.352, -0.2055346691033549
442.461, -0.38479245723440286
442.569, -0.395327993739553
442.677, -0.32883218676890774
442.785, -0.20885192638215402
442.893, -0.2914628825612882
443.001, -0.360572483397692
443.109, -0.39174523558484636
443.217, -0.3632500864415958
443.325, -0.36544324062153377
443.434, 0.8481598385038069
443.542, 0.2106157464271077
443.65, -0.20703877419996713
443.758, 0.06770120920418915
443.866, -0.2154898630799589
443.974, 0.43369523085262773
444.082, -0.03794308043176374
444.19, -0.11834239243598496
444.298, -0.04898494814998099
444.406, 0.11293102751534523
444.514, -0.019831855210824523
444.622, 0.14138860901360722
444.73, 0.13748626587318682
444.838, 0.0067801058209366865
444.946, 0.053829199948618116
445.054, -0.1332352102953907
445.161, -0.1676958433384217
445.269, -0.24356141039166232
445.377, -0.08872956836245952
445.485, -0.11450151832759418
445.593, -0.18703042209968399
445.701, 0.250977871782753
445.809, -0.0309778743100896
445.917, -0.15825435354690273
446.025, -0.33834792336735214
446.132, -0.01796373596047101
446.24, -0.06643419429084652
446.348, -0.18278006985345466
446.456, -0.3565572242558883
446.564, -0.32390891551433276
446.671, -0.23092588364514846
446.779, -0.29870160872674034
446.887, -0.33874535028468195
446.995, -0.28097097447754393
447.102, -0.2089704553082254
447.21, -0.16278286255086413
447.318, -0.24737666661702212
447.426, -0.3641167532403936
447.533, 0.22522248911979723
447.641, 2.3973490697506463
447.749, 0.03524501885459319
447.856, -0.29517301284749115
447.964, -0.2493084520965906
448.072, -0.06089299006088874
448.179, -0.32769216225404363
448.287, -0.20015516724549076
448.395, -0.1861109112595576
448.502, -0.34372267710645393
448.61, -0.24453858171742
448.718, -0.32230833274863907
448.825, -0.1741291145571305
448.933, -0.2749332845917749
449.04, -0.34589927736046155
449.148, -0.2913024945160827
449.256, -0.2657103303751478
449.363, -0.2201644528420649
449.471, -0.2139888090152324
449.578, -0.10088420879504106
449.686, -0.3237029631437498
449.793, -0.040276923528113254
449.901, -0.23889034753030075
450.008, -0.1943849629614839
450.116, -0.13943364753589008
450.223, -0.2509196454229622
450.331, -0.0901027725206191
450.438, -0.1620282767521913
450.546, -0.08878256326484846
450.653, 0.0006185366738086711
450.76, -0.059515699423351415
450.868, -0.04960691071403561
450.975, 0.31733600035838433
451.083, -0.0882711660966661
451.19, 0.0297748249801522
451.297, -0.028670281586818995
451.405, 0.006941941365881279
451.512, -0.12577414677250268
451.619, 0.1849683329318409
451.727, 0.188198762211956
451.834, -0.08242447418175822
451.941, -0.06064368796441078
452.049, -0.07155994266794077
452.156, -0.06005084722335261
452.263, 0.030429468798311578
452.371, -0.04651598984659311
452.478, 0.05169935180039985
452.585, 0.2505763336159688
452.692, -0.08745191259941934
452.8, 0.039105439302622676
452.907, 0.3351506845097835
453.014, 0.11283809200270058
453.121, -0.027630950035249825
453.229, 0.12209028168030549
453.336, 0.16532406235661348
453.443, 0.26747904434843994
453.55, -0.03455798666862278
453.657, 0.0826958129828899
453.765, 0.16465951241341867
453.872, 0.10324733993476562
453.979, 0.1958918715743321
454.086, 0.06883909027393238
454.193, 0.12538935751028013
454.3, 0.021972940404975286
454.407, 0.3639844727974056
454.514, 0.34490244336538795
454.621, 0.05781706625021899
454.729, 0.05091337578653953
454.836, 0.09940688987870956
454.943, 0.1450970078542195
455.05, 0.24187291990840712
455.157, 0.33962413618898146
455.264, 0.11183808631376964
455.371, 0.20048741795750852
455.478, 0.16413229522638967
455.585, 2.5989170868277123
455.692, 0.49975675201696623
455.799, 0.5034925985587113
455.906, 0.14558627011889153
456.013, 0.11060413747354635
456.12, 0.07106446092918536
456.227, 0.1898847684033855
456.334, 0.2832033404372648
456.44, 0.4322960684046013
456.547, 0.24365127489786417
456.654, 0.129714669872387
456.761, 0.22417265523609836
456.868, 0.40502179069988603
456.975, 0.36740981168239
457.082, 0.20759490743311654
457.189, 0.13144948806310552
457.296, 0.2527887115777348
457.402, 0.1983299678244801
457.509, 0.15092880713489215
457.616, 0.337550052810347
457.723, 0.6859627869268928
457.83, 0.33308519494957234
457.936, 0.26312851802333903
458.043, 0.9603130803724449
458.15, 0.37559714979166786
458.257, 0.5454940122761041
458.363, 0.4702391758634159
458.47, 0.4271107580507922
458.577, 0.5774009645369135
458.684, 0.4304957553087215
458.79, 0.5999764542165126
458.897, 0.619105563808633
459.004, 0.7636172199301974
459.11, 0.5960288774642261
459.217, 0.6289379536382553
459.324, 0.8009838803679032
459.43, 0.9783589228012981
459.537, 1.296581496485714
459.644, 0.8133597553724666
459.75, 0.7325237493043362
459.857, 1.5550139290120055
459.964, 0.9234007846838252
460.07, 0.9847019722426497
460.177, 0.9643543913748978
460.283, 1.081335042708346
460.39, 1.2589515783975616
460.496, 1.0255340685288614
460.603, 1.08066296128165
460.71, 1.0016359973990223
460.816, 0.8942239759574153
460.923, 0.8733431320044667
461.029, 0.9886074101777312
461.136, 0.9976903597985838
461.242, 0.9395368819870795
461.349, 0.976021985416359
461.455, 0.8969548852910029
461.562, 1.5981908115383174
461.668, 1.1709122539004924
461.774, 1.0052926137252967
461.881, 1.1878218057332344
461.987, 1.1026109593841427
462.094, 1.1075803253640755
462.2, 1.2062809893276565
462.307, 1.2511439237965587
462.413, 1.1040203905132766
462.519, 1.1195773450297382
462.626, 1.4269568516331517
462.732, 1.3705461388876718
462.838, 1.4854675386797345
462.945, 1.650929265441169
463.051, 1.5359470239588082
463.157, 1.4251182368358186
463.264, 1.408073605590266
463.37, 1.4099464756269358
463.476, 1.331327918209033
463.583, 1.263506677492615
463.689, 1.1211238631913796
463.795, 1.1953826143473418
463.901, 1.3293187545715168
464.008, 1.507568540865277
464.114, 1.2126129146478761
464.22, 1.1387264872556753
464.326, 1.2508403983230516
464.433, 1.044996327206555
464.539, 1.1140535418217767
464.645, 1.0373821924655635
464.751, 1.4400456003147
464.857, 1.0915661010366609
464.963, 0.8239588237387651
465.07, 0.9632968922649725
465.176, 0.8933871235098846
465.282, 0.7811848742471406
465.388, 0.9841968102410498
465.494, 0.5478829670501212
465.6, 0.6197619546519325
465.706, 0.49402325649812967
465.812, 0.3880884380790569
465.918, 0.6559681663376767
466.024, 0.47726467490984503
466.131, 0.556438632146177
466.237, 0.41254066992044147
466.343, 0.2868259785205868
466.449, 0.2849719412049852
466.555, 0.28291009213019047
466.661, 0.2599517238047778
466.767, 0.22899263163113268
466.873, 0.30270390734008507
466.979, 0.6481698847118866
467.085, 0.318608910438448
467.191, 0.3230906784122816
467.296, 0.21181450643281066
467.402, 0.20387233941888502
467.508, 0.3124147770114097
467.614, 0.575147073975719
467.72, 0.20002992512909573
467.826, 0.13760064890019638
467.932, 0.18208859111892492
468.038, 0.12028148970958512
468.144, 0.17080255054536472
468.25, 0.11838680230124049
468.355, 0.007134125547467158
468.461, 0.18014677465090673
468.567, 0.008605312288592197
468.673, 0.117712901808669
468.779, 0.1614922658253895
468.885, 0.07497896648314141
468.99, -0.003597342501413048
469.096, 0.07971115221253579
469.202, 0.32945906286550847
469.308, 0.21864984610147145
469.413, 0.28351600808597505
469.519, 0.1595320246834552
469.625, 0.11145482318879725
469.731, 0.20544219340334194
469.836, 0.14673580939671896
469.942, 0.5310009316321205
470.048, 0.26221509646396873
470.153, 0.23625313042990803
470.259, 0.238054331740569
470.365, 0.41210878238321375
470.47, 0.3370233460842873
470.576, 0.24059120391457378
470.682, 0.18681328784917622
470.787, 0.13177678909848745
470.893, 0.030639273684470232
470.999, 0.16625703729607072
471.104, 0.2311098664674131
471.21, 0.014850974404807232
471.315, -0.15790767100220765
471.421, -0.08905245732425807
471.527, 0.398463764877144
471.632, 0.16980190520387686
471.738, 0.09724169290149419
471.843, -0.08510004557355795
471.949, 0.05335825426768496
472.054, 0.051755788724608336
472.16, -0.0826275784089473
472.265, -0.05357033378419002
472.371, -0.14238899614111003
472.476, -0.025176881551423606
472.582, 0.10986622798625043
472.687, -0.09614494785591242
472.793, -0.1978348025216511
472.898, -0.10394898230384202
473.003, -0.170432654527305
473.109, -0.207225176388826
473.214, -0.24739227385472712
473.32, -0.20064707190526107
473.425, -0.019986847237796822
473.53, -0.11219003710917144
473.636, -0.19484966190320344
473.741, -0.23989105671062705
473.847, -0.21691464258786158
473.952, -0.10244827706358764
474.057, -0.04045451357912208
474.163, -0.004040771327649034
474.268, -0.22032486122184342
474.373, -0.026872914047436473
474.478, -0.25532580890158035
474.584, -0.2671212367933826
474.689, -0.06271936067996538
474.794, -0.1100012917921509
474.9, 0.40319374413273457
475.005, -0.1694149605135644
475.11, 0.162765941121384
475.215, -0.20177801177815544
475.321, -0.14743523550899545
475.426, 0.20884243484410941
475.531, 0.15758738044899573
475.636, -0.16170220618224834
475.741, -0.22597047805865855
475.846, 0.09988603478629184
475.952, 0.33812376382760084
476.057, 0.04285848730365282
476.162, 0.09834751076618677
476.267, 0.235492862149214
476.372, 0.4865037753894261
476.477, -0.07717522023283734
476.582, 0.1293601950687056
476.687, -0.12101703522400632
476.793, -0.04766915804724827
476.898, -0.0923151877107887
477.003, 0.01431341206881991
477.108, -0.07075690466612602
477.213, -0.14407385369440448
477.318, -0.09791432682991308
477.423, 0.07765215011479076
477.528, 0.20719479797531673
477.633, 0.22694057913007087
477.738, 0.11160089848827948
477.843, -0.029576135031243237
477.948, 0.07599751690385834
478.053, 0.04975284722742243
478.158, 0.03686848870636725
478.263, 0.18191619116553076
478.368, 0.12019744753506735
478.473, 0.2851292224760267
478.578, 0.2280012743151212
478.682, 0.054603849021432976
478.787, 0.2826249781689163
478.892, 0.19556547683974398
478.997, 0.3497822610708564
479.102, 0.18623245082135878
479.207, 0.11942503987216205
479.312, 0.44890538092114246
479.417, 0.2514999787789955
479.521, 0.14392362921805216
479.626, 0.41296900780553225
479.731, 0.2883479603715254
479.836, 0.22828849424175499
479.941, 0.5462389925466768
480.045, 0.49142537906439215
480.15, 0.4476493697204498
480.255, 0.37142766500691665
480.36, 0.2502397595044184
480.465, 0.413336594176748
480.569, 0.680631532669883
480.674, 0.33022516853602707
480.779, 0.16008771721644166
480.883, 0.18529049212239238
480.988, 0.3281422388173775
481.093, 0.2614506332482559
481.197, 0.27356439203984184
481.302, 0.2792373664614029
481.407, 0.38034854040510546
481.511, 4.427825871544462
481.616, 0.6201714188490524
481.721, 0.30336091183739994
481.825, 0.6732335042963414
481.93, 0.19881898980833354
482.035, 0.18503777046606365
482.139, 0.36480430408328485
482.244, 0.32390059268280297
482.348, 0.26691754962044895
482.453, 0.31153173247710886
482.557, 0.3986695867001739
482.662, 0.34405494634387973
482.767, 0.19659555027358575
482.871, 0.24305964485327547
482.976, 0.26607303762161144
483.08, 0.35782154922243453
483.185, 0.6898745236172613
483.289, 0.2850239389919559
483.394, 0.34942063611802093
483.498, 0.4512788355162575
483.603, 0.31262471331689073
483.707, 0.4402467417257258
483.811, 0.5391825152569576
483.916, 0.6080612927462204
484.02, 0.40556153256933286
484.125, 0.6306063331455116
484.229, 0.5207523876148451
484.333, 0.6775341465483844
484.438, 0.44812016602424715
484.542, 0.4521993394432179
484.647, 0.3890836344930699
484.751, 0.49493088761960286
484.855, 0.5085081137771654
484.96, 0.49903741012727393
485.064, 0.6008000017093875
485.168, 0.5983301994870199
485.273, 0.5198384307559629
485.377, 0.5544983372386906
485.481, 1.0435906582569858
485.585, 0.608795727996855
485.69, 0.5444859098502676
485.794, 0.6963998992713136
485.898, 0.6972330552979337
486.002, 0.5999536693357563
486.107, 0.6653717422253959
486.211, 0.6733116436377948
486.315, 0.7099572648681914
486.419, 0.8241177966889551
486.524, 0.7396481985776128
486.628, 0.6171406424846778
486.732, 0.6083162029457106
486.836, 0.6676144492686814
486.94, 0.8323692385998287
487.044, 0.6807586285805847
487.148, 0.632334067381346
487.253, 0.5778971868548017
487.357, 0.6828924789230737
487.461, 1.051145023589275
487.565, 0.7413386070765514
487.669, 0.657109784519077
487.773, 0.6548626559626036
487.877, 0.913660783168335
487.981, 0.8078338147561174
488.085, 0.7996555202965745
488.189, 0.7301976813982004
488.293, 0.9854934909249364
488.397, 1.700618607906753
488.501, 0.855463078744109
488.605, 0.6936373062891449
488.709, 0.7080272387478745
488.813, 0.6558108150951718
488.917, 0.6106437282313708
489.021, 0.7203498342759865
489.125, 1.2964704372048403
489.229, 0.7496196147249146
489.333, 1.0041099842705765
489.437, 0.8319149122358275
489.541, 0.7836926764502613
489.645, 0.6701731422023368
489.749, 0.7399197698486109
489.853, 0.8500236670339152
489.956, 0.6939881322179436
490.06, 0.8071226551160431
490.164, 0.7929103881591445
490.268, 0.7123346187649248
490.372, 0.7765327797195735
490.476, 0.7296733331271056
490.579, 0.719117426452705
490.683, 2.1012118864910807
490.787, 0.9908639030967588
490.891, 0.7714257450541946
490.995, 0.805040071675299
491.098, 0.7913124538681806
491.202, 0.7352561954586634
491.306, 0.8403766005091201
491.41, 0.8160196683538953
491.513, 0.6939988367318172
491.617, 0.7636650142656941
491.721, 1.1018174879485492
491.824, 1.3234456532201968
491.928, 0.8437275424041307
492.032, 1.2713205689362317
492.136, 0.812827737693536
492.239, 0.6893655275793155
492.343, 0.8033052364538199
492.446, 1.5940759998408307
492.55, 0.9661127508757889
492.654, 0.6794005101087041
492.757, 0.6324526480814682
492.861, 0.8882843197304992
492.965, 0.7601317988687154
493.068, 0.8250563209806261
493.172, 0.7609559444713379
493.275, 0.7070073905769567
493.379, 0.6977879152518603
493.482, 0.9852254771243336
493.586, 1.068970848601356
493.689, 1.2841985153711915
493.793, 0.7721296258025935
493.896, 0.9985021145542916
494.0, 0.937647716323541
494.103, 0.9782931855044025
494.207, 1.4720335094442845
494.31, 1.645770176324564
494.414, 0.9664628678063616
494.517, 0.8389597644732102
494.621, 0.6986732936299418
494.724, 0.7982307283533862
494.828, 0.7274537989781275
494.931, 0.7217759894118065
495.034, 0.7128641203823838
495.138, 1.0753563579204952
495.241, 0.7123037414562481
495.345, 2.494753384754572
495.448, 1.1093819807469347
495.551, 0.7448232794942257
495.655, 0.7387681039016868
495.758, 0.6880519830645557
495.861, 0.6694648734381852
495.965, 0.7253526039444738
496.068, 0.8333749925645947
496.171, 0.8924424102819197
496.274, 0.7411501630237328
496.378, 0.7650281197816816
496.481, 0.8486322132072052
496.584, 0.8118559931529122
496.687, 0.8594995652234467
496.791, 0.8965459398413325
496.894, 0.9310727913929613
496.997, 0.8360716979333622
497.1, 0.8996471249215265
497.204, 0.9176146666043308
497.307, 0.7612672578221379
497.41, 1.2261138301560055
497.513, 1.374147772424514
497.616, 0.9443934548384838
497.719, 0.8925821471834489
497.823, 0.9505126959503324
497.926, 0.9710060840000263
498.029, 1.0717859390560986
498.132, 1.1192747694444571
498.235, 1.1483553436756853
498.338, 1.2523040625553223
498.441, 1.4542020979793207
498.544, 1.255900859648137
498.647, 1.4014449447345811
498.75, 1.6621953412183024
498.853, 1.8355965881705247
498.956, 1.6140404814911498
499.059, 2.076760249662666
499.163, 1.7210474859908842
499.266, 1.8517716234295953
499.369, 1.9621273588956296
499.471, 2.0055403527530515
499.574, 2.3107542622875075
499.677, 2.2950160661174035
499.78, 2.3693960732173465
499.883, 2.4319832513531527
499.986, 2.6565803236175447
500.089, 2.608505187598767
500.192, 2.6936582879859277
500.295, 2.7276989174988646
500.398, 2.6579245540003096
500.501, 2.6848305142598505
500.604, 2.524512839026385
500.707, 2.375811905590252
500.809, 2.361764560178602
500.912, 2.489246874653822
501.015, 2.3848573217266416
501.118, 2.074106570231149
501.221, 2.1199336494280807
501.324, 1.8653823704705434
501.426, 1.7781341365820604
501.529, 1.586422876140029
501.632, 1.5613825803365595
501.735, 1.3243195379904487
501.837, 1.264808964489224
501.94, 1.2384387461193298
502.043, 1.1645358833958046
502.146, 1.2036202403209408
502.248, 1.1839662672891278
502.351, 1.0179327444648107
502.454, 1.04673979788148
502.557, 0.9015017053537056
502.659, 0.9995486389938272
502.762, 0.815040744820457
502.865, 0.7509480894442103
502.967, 0.7131075587196789
503.07, 0.7624656040335944
503.173, 0.8202730466468794
503.275, 0.7008275206442928
503.378, 0.6790940193222094
503.48, 0.6136383003754888
503.583, 0.8215935876791051
503.686, 0.7637339575903217
503.788, 1.2259342593171934
503.891, 0.7010587243946682
503.993, 1.109748767576576
504.096, 0.654201879366426
504.198, 0.6917379878380864
504.301, 0.5988364323414741
504.403, 0.6709957929749132
504.506, 0.6457680492904828
504.608, 0.6101104203246926
504.711, 0.554751973680798
504.813, 0.6598328862336619
504.916, 0.5689114340210901
505.018, 0.4280101315962611
505.121, 0.32301630852279506
505.223, 0.4488017758292512
505.326, 0.33812637946828367
505.428, 0.5323904657400577
505.531, 0.33972725307509694
505.633, 0.3520883636503843
505.735, 0.1831973304016198
505.838, 0.17706789751783666
505.94, 0.2697662819140762
506.042, 0.10761448963003926
506.145, 0.050581980614683386
506.247, 0.32294810516577005
506.35, 0.09570966615838364
506.452, 0.31824594170027704
506.554, 0.291981110316322
506.656, 0.2510692584278798
506.759, 0.0968242962242438
506.861, 0.19196169583993344
506.963, 0.1525814184391986
507.066, 0.22588445317038208
507.168, 0.3424762624518099
507.27, 0.08918008321497395
507.372, 0.02707553626817997
507.475, 0.051247218774906206
507.577, 0.16232964794515992
507.679, 0.05759217599451422
507.781, -0.044758756821179115
507.883, 0.042469986122368034
507.986, -0.030162686807582027
508.088, 0.08669185116960122
508.19, 0.10159400370778911
508.292, 0.12173312929257027
508.394, 0.0014430098834612363
508.496, -0.0936441859662926
508.598, -0.03237960643469392
508.701, -0.009645883856561205
508.803, 0.013781287661374889
508.905, -0.08086115409600658
509.007, 0.031127853046268694
509.109, 0.18940685045625333
509.211, 0.1223924700158699
509.313, -0.025567259952857774
509.415, -0.09020592988591589
509.517, -0.0011972105990795863
509.619, -0.09419146138258248
509.721, 0.08848144316009922
509.823, -0.07105784545797969
509.925, 0.29534236180363665
510.027, 0.007050202597604551
510.129, 0.03654954164145344
510.231, 0.05090578577319317
510.333, -0.06481410479574097
510.435, -0.09187319844125263
510.537, -0.05377878160386536
510.639, 0.11336773971170651
510.741, -0.02460171107078968
510.843, 0.1188035103542352
510.945, -0.008709775211699319
511.047, 0.1195123240430162
511.148, 0.06837758265841049
511.25, -0.08365956956540889
511.352, 0.01111852911619429
511.454, -0.17217498083872357
511.556, 0.08887342167562537
511.658, -0.041314336595053576
511.76, 0.1289565115917149
511.861, 0.25725768251896186
511.963, -0.0867038774396291
512.065, -0.06922625868526287
512.167, -0.09891341011032484
512.268, 0.3407602296163865
512.37, 0.09821166648056197
512.472, -0.042424147186392855
512.574, 0.11632972624293468
512.676, 0.16257153589013987
512.777, -0.07455412909246373
512.879, -0.09331702196731573
512.981, -0.09830226821760181
513.082, 0.031801111482028056
513.184, -0.00962330668112737
513.286, 0.9957802266024979
513.387, 0.22272692045141382
513.489, 0.31865385530176926
513.591, 0.16546478781621635
513.692, 0.21803064943541559
513.794, 0.11532208740523722
513.896, -0.12632989675048734
513.997, -0.06448951787645973
514.099, -0.09378735928068238
514.2, 0.056977445744507395
514.302, 0.1064358512208875
514.404, 0.023246796206833346
514.505, -0.07127385987801546
514.607, 0.16669399786619093
514.708, 0.06711386584929042
514.81, 0.17956896681431997
514.911, 0.21965357599441207
515.013, 0.27297268077349546
515.114, 0.221348967611031
515.216, 0.10715464522785753
515.317, 0.15858926178424015
515.419, 0.08850337451699757
515.52, 0.2178864526184439
515.622, 0.1900934724533918
515.723, 0.2422105741401487
515.825, 0.4646295374765597
515.926, 0.28191835705251217
516.027, 0.20231256868353228
516.129, 0.17233657061742627
516.23, 0.30650959502066605
516.332, 0.4034678035953371
516.433, 0.3481330887857429
516.534, 0.5676817141281545
516.636, 0.4097714200782567
516.737, 0.35366989887907746
516.838, 2.639168627609278
516.94, 0.8561177960771499
517.041, 0.5872694791000589
517.142, 0.8736284276269851
517.244, 0.919440360131759
517.345, 0.7447077770324646
517.446, 0.773582366857421
517.547, 0.867049852919805
517.649, 0.67429335101108
517.75, 0.7621374740595113
517.851, 0.6916649124932915
517.952, 1.2774935785993775
518.054, 0.7802556574699655
518.155, 0.9727972467566158
518.256, 0.6282298351741841
518.357, 0.917924680387449
518.458, 0.4825600730048903
518.56, 0.44042228185736315
518.661, 0.5509418297534963
518.762, 0.5162592419108263
518.863, 0.7174450297865278
518.964, 0.6633616758067591
519.065, 0.35047560496517877
519.166, 0.36146543270829395
519.268, 0.2870274744350152
519.369, 0.9185201341848017
519.47, 0.38613025629627457
519.571, 0.42571177416500466
519.672, 0.22513490000232378
519.773, 0.26586868280212805
519.874, 0.38080193533364093
519.975, 0.43106086678112476
520.076, 0.3367565631510886
520.177, 0.4965045534800769
520.278, 0.3312414331841241
520.379, 0.34550108031608484
520.48, 0.14424710120053455
520.581, 0.21073415190389255
520.682, 0.22237307445326585
520.783, 0.2009895967478433
520.884, 0.3971351959083639
520.985, 0.3678253557571552
521.086, 0.26383389391357803
521.187, 0.36796498770162706
521.288, 0.27038977351551435
521.389, 0.32921841238279487
521.489, 0.24830489921570606
521.59, 0.15829770618344816
521.691, 0.3133706476675881
521.792, 0.1731490692836206
521.893, 0.5161670382534997
521.994, 0.6063413438067865
522.095, 0.3738358431847351
522.195, 0.472754996980537
522.296, 0.577542792508665
522.397, 0.4577688435157832
522.498, 0.3547854723823
522.599, 0.15591046127145652
522.699, 0.270231788978773
522.8, 0.3185595267822758
522.901, 0.47684830630725566
523.002, 0.3052900245431166
523.102, 0.7317927501192537
523.203, 0.3479398133940993
523.304, 0.6664814281243141
523.405, 0.26422839289405814
523.505, 0.3270141401164562
523.606, 0.3678880236964885
523.707, 0.3724795816214156
523.807, 0.36191912586984043
523.908, 0.30574734888233035
524.009, 0.5934806727236588
524.109, 0.39050833861597695
524.21, 0.2700025887331923
524.31, 0.4815374066828117
524.411, 0.5784540066511544
524.512, 0.6118969576535388
524.612, 0.43251411876730617
524.713, 0.6961815303703948
524.813, 0.3441681429023235
524.914, 0.8691218564074585
525.014, 13.019054974887366
525.115, 1.4954725228580383
525.216, 0.2677020750323986
525.316, 0.35688484040211726
525.417, 0.4067794330854262
525.517, 0.27510866605424505
525.618, 0.29899391230842953
525.718, 0.21809072652800718
525.819, 0.2127322497833312
525.919, 0.41308344422718163
526.019, 0.2701517389427906
526.12, 0.489755653527305
526.22, 0.20789098444311158
526.321, 0.22626645794611622
526.421, 0.1434668181301688
526.522, 0.22712672639329123
526.622, 0.1590396592736078
526.722, 0.21325790726747942
526.823, 0.33917058055752997
526.923, 0.3394288755321644
527.023, 0.5303003906385066
527.124, 0.2700209738697038
527.224, 0.4740535574263197
527.324, 0.16956214365401528
527.425, 0.3393486728660155
527.525, 0.14957706416589353
527.625, 0.24820218792193657
527.726, 0.2777986320270712
527.826, 0.508376655572952
527.926, 0.2921121704745614
528.026, 0.34820500831744633
528.127, 0.2353990618744946
528.227, 0.2995780104301604
528.327, 0.4821678691925356
528.427, 0.3585513393465064
528.528, 0.40361670794993626
528.628, 0.42381045892988706
528.728, 0.3585286530863328
528.828, 0.5000063430232824
528.928, 0.5106512107653484
529.029, 0.32538531715475394
529.129, 0.40401919440756406
529.229, 0.42457292013851733
529.329, 0.3801798936408717
529.429, 0.5406726159327759
529.529, 0.5886872984076826
529.629, 0.4701639189472009
529.729, 0.35488060032538005
529.829, 0.7125712373627527
529.93, 0.3019767628104526
530.03, 0.4789413483791795
530.13, 0.40098834374789877
530.23, 0.3488418077011173
530.33, 0.6121901419047573
530.43, 0.3165242383320437
530.53, 0.4153417416988791
530.63, 0.38900215162559443
530.73, 0.20102392504212388
530.83, 0.14129323447126158
530.93, 0.18778226853066327
531.03, 0.1856568774402329
531.13, 0.44249158025410296
531.23, 0.1853639520487503
531.33, 0.3425059465194715
531.429, 0.4652238728969919
531.529, 0.6808104028900006
531.629, 0.36571088107699506
531.729, 0.12896059674560134
531.829, 0.1362172957226027
531.929, 0.19347545883891898
532.029, 0.3194994629054711
532.129, 0.25190477173970616
532.229, 0.33548548308532733
532.328, 0.2489093467420513
532.428, 0.2079049609288385
532.528, 0.12158545205707019
532.628, 0.12148630420287967
532.728, 0.2730564286851109
532.827, 0.11154739470525907
532.927, 0.34873292165922726
533.027, 0.22051537070587623
533.127, 0.5095609815015983
533.227, 0.34627199476689696
533.326, 0.322125719459022
533.426, 0.15109382443123184
533.526, 0.4767415130080451
533.625, 0.5604312230469441
533.725, 0.8487322055403023
533.825, 0.41718840543126096
533.924, 0.1112718426596902
534.024, 0.02436434400420704
534.124, 0.054336802721295
534.223, 0.2593504129228249
534.323, 1.0501435428337829
534.423, 0.28209091159785066
534.522, 0.24584594638052795
534.622, 0.04251358635063239
534.722, 0.10072599521235293
534.821, 0.2103429342058049
534.921, 0.06674115636706271
535.02, -0.005989883325595935
535.12, 0.29084616821938425
535.219, 0.40100563407009543
535.319, 0.31794456014259553
535.419, 0.27326331968691764
535.518, 0.09589856660070675
535.618, 0.18683471138089885
535.717, 0.3176126003339446
535.817, -0.009984385049672037
535.916, -0.11826859551075261
536.016, 0.19284708412760498
536.115, 0.0014016585930670064
536.215, 0.027971497153832268
536.314, -0.07627065996916602
536.413, -0.1505932034720901
536.513, -0.0009137400489256494
536.612, -0.027617497383781532
536.712, -0.15492120754624833
536.811, -0.03236946329251199
536.91, -0.13740082745042767
537.01, -0.13855052261555784
537.109, 0.04886788724141525
537.209, -0.009936863669519529
537.308, -0.0998305009172285
537.407, -0.06442346558716373
537.507, -0.024651175488436153
537.606, -0.08657091538254734
537.705, 0.0914573910558844
537.805, -0.0071182256387653286
537.904, -0.17250468079528233
538.003, 0.0041734985221872686
538.102, 0.19664155567957378
538.202, -0.012656573846011128
538.301, 0.1285926317359736
538.4, 0.10616483903433407
538.499, 0.020017776559997785
538.599, 0.04620567679210221
538.698, 0.44939267127224697
538.797, -0.03262132094549966
538.896, 0.14089380658343628
538.995, 0.031821381630955714
539.095, -0.059443519706112724
539.194, 0.39606116464166063
539.293, -0.034566690901334074
539.392, -0.056882959754320235
539.491, -0.05931579264476247
539.59, -0.05004926657434631
539.689, 0.21985552223417715
539.789, 0.15511932153183586
539.888, -0.24569215782550555
539.987, -0.3101308030302561
540.086, -0.12073994741539906
540.185, -0.07822342816341993
540.284, 0.00686693332583846
540.383, -0.05233151308657452
540.482, -0.18065158038004128
540.581, -0.061761405619491345
540.68, -0.09045557334517618
540.779, 0.007640280167159607
540.878, -0.04546809345000293
540.977, 0.06540891491374705
541.076, -0.02134739733206583
541.175, 0.0436660951763842
541.274, 0.4623899291443995
541.373, 0.1594230404819853
541.472, 0.06379231030631971
541.571, -0.15434297823224594
541.67, 2.7512406599827655
541.769, 0.34469869706216744
541.868, -0.003469698689733459
541.966, 0.09749301373000382
542.065, -0.013161859481974555
542.164, -0.01627559846796224
542.263, -0.13357637720201734
542.362, -0.04891254635812282
542.461, 0.10709936868427303
542.56, 0.05611732600405723
542.658, 0.0738320124898229
542.757, -0.14157856016956477
542.856, -0.22728990519254705
542.955, -0.20725512655427497
543.054, -0.23642968681488818
543.152, 0.1545457709329383
543.251, -0.07853097939793115
543.35, 0.21608600276039958
543.449, 0.0009341844005175654
543.547, -0.06424007095822985
543.646, -0.1560717268337798
543.745, -0.008900824905384798
543.843, 0.06983880825247546
543.942, 0.025357473839364056
544.041, -0.10557699178183909
544.14, 0.004761189978079028
544.238, -0.06225957889177357
544.337, 0.3993729567586619
544.436, 0.07967486870535366
544.534, 0.30144210553921214
544.633, 0.07010289151584512
544.731, -0.019785715329865786
544.83, 0.04504254253773559
544.929, 0.006091939988523056
545.027, -0.047115928816023625
545.126, -0.10973774315248172
545.224, 0.13487969114088338
545.323, -0.07395751774048089
545.421, -0.026141580639437494
545.52, -0.016487717079653016
545.619, 0.01091312851697591
545.717, -0.018617326551022922
545.816, 0.15246597282687097
545.914, 0.1542294607624347
546.013, 0.5297800811993817
546.111, 0.3656298443167465
546.209, -0.02809027348958131
546.308, -0.09773225777507334
546.406, -0.06678887363527773
546.505, 0.3407265807470214
546.603, 0.058969167912145674
546.702, -0.11882714042268386
546.8, -0.030671357827530332
546.899, -0.0623452054876529
546.997, 0.07219410459423495
547.095, 0.06383370037855783
547.194, 0.10015645785641332
547.292, 0.04068525621619716
547.39, 0.1741782404125023
547.489, -0.0007793679162486606
547.587, 0.6303400827273579
547.685, -0.023180066769812872
547.784, 0.4848014684782268
547.882, 0.15300843467125722
547.98, -0.09780952326415672
548.079, 0.12672156833595888
548.177, -0.04969684501139928
548.275, -0.1327347578761819
548.373, 0.28316442666098146
548.472, -0.049544966804144774
548.57, 0.00744295951751004
548.668, 0.17487399791394054
548.766, -0.08945914005031781
548.864, 0.25474186951343814
548.963, -0.04234424022819135
549.061, 0.3180620585556905
549.159, -0.056007884271754425
549.257, 0.1354937341499441
549.355, 0.005349433725297214
549.454, -0.07341241133193047
549.552, 0.12459693748177635
549.65, 0.010387867970020693
549.748, -0.09318913658520746
549.846, -0.05679577713340422
549.944, -0.06286103350632528
550.042, -0.09899800224319005
550.14, -0.04266916745476651
550.238, -0.05126332049015149
550.336, -0.1371109463293312
550.434, -0.17355616285291262
550.532, -0.12529294840435712
550.631, 0.1640076197449999
550.729, 0.016747796218403138
550.827, 0.07583530333059348
550.925, -0.08333090349010826
551.023, -0.0595678412544521
551.121, -0.19054045497955194
551.218, -0.14255486651079027
551.316, -0.2320684512518461
551.414, -0.1537612773674613
551.512, -0.2645464740783654
551.61, -0.039321611474903706
551.708, 0.09805028805807885
551.806, 0.004829825593031609
551.904, -0.13983059854197474
552.002, -0.17854818425900046
552.1, -0.05508839956504894
552.198, -0.12512784319306355
552.296, 0.28254020692862886
552.393, 0.3434556016329981
552.491, 0.32250878014956713
552.589, 0.2857640418819699
552.687, 0.3574792331393072
552.785, 0.20820654635018274
552.882, 0.4383625379422642
552.98, 0.6579916504304767
553.078, 0.4121634202925878
553.176, 0.3600724755887973
553.274, 0.03966981522739052
553.371, 0.14338811635322046
553.469, 0.15192977436537106
553.567, 0.09451602460682992
553.665, 0.053773533209727206
553.762, 1.0366760324667215
553.86, 0.37001114031650095
553.958, 0.17090694268575882
554.055, 0.12586774828287545
554.153, 0.2691971886928681
554.251, 0.09401758296523526
554.348, 0.11234080672493844
554.446, -0.05489689552518815
554.544, 0.020171563216648303
554.641, 0.7139809014742514
554.739, -0.014203337215036199
554.837, 0.025752716936457948
554.934, 0.02887558259271697
555.032, -0.040564899259615914
555.129, -0.12798542854986347
555.227, 0.4874544498777235
555.324, 5.425986554620594
555.422, 0.519421660942974
555.519, -0.013212018040236603
555.617, -0.03953400227295371
555.715, -0.2708412972666744
555.812, 3.1751964451651116
555.91, 0.0960942901665852
556.007, -0.0003211169630517323
556.105, -0.14923072496764458
556.202, -0.05517020559037056
556.299, -0.2612932018942587
556.397, -0.14716402090984343
556.494, -0.18672329135082558
556.592, -0.20390245961918854
556.689, -0.04729238423077911
556.787, -0.15587974236727348
556.884, -0.26309168445464143
556.981, -0.2295584119215722
557.079, -0.25158830854862224
557.176, -0.12794190678949782
557.273, -0.12101167258583287
557.371, 0.04464571623852011
557.468, -0.15735703856895944
557.566, -0.10206041729429433
557.663, -0.17138822385369112
557.76, -0.11904309716634011
557.857, -0.2252346294262201
557.955, -0.10379639970557647
558.052, 0.03794521892631326
558.149, 0.12699703977399965
558.247, 0.17562557236935825
558.344, -0.1823359260982635
558.441, -0.2587117982628687
558.538, -0.19702355054456847
558.636, -0.17167719880290114
558.733, -0.10043537212087363
558.83, -0.1027612668481169
558.927, -0.1615975363022551
559.024, -0.11415929390091681
559.122, -0.24487050593996154
559.219, -0.1620229861224626
559.316, 0.03255444093261031
559.413, 0.11707998067578869
559.51, -0.1976171234321667
559.607, -0.1832278570095416
559.704, -0.055410719647458
559.801, -0.007432371838766409
559.899, -0.14892248641740877
559.996, 0.40105934044507463
560.093, -0.06093729404241044
560.19, -0.24069950770719997
560.287, 0.011105104916431059
560.384, 0.23525919066940845
560.481, -0.15408125583467835
560.578, -0.14796868361497995
560.675, -0.1940301452616339
560.772, 0.004404265573978427
560.869, -0.09048075656349978
560.966, 0.2096632184102653
561.063, -0.15529941386803028
561.16, 0.07094030448638393
561.257, -0.0453615485824982
561.354, -0.1275638734003126
561.451, -0.16024834251040257
561.548, -0.050507484497380524
561.645, 0.3017282209488853
561.742, -0.1616514755429429
561.838, -0.15485452966910798
561.935, -0.10717957878225531
562.032, -0.15422889555474967
562.129, -0.11314935189408948
562.226, -0.11175602755336649
562.323, -0.17977643206105157
562.42, 0.012986229366073108
562.516, -0.1261905781497877
562.613, -0.17772498387274108
562.71, -0.09610776082891209
562.807, 1.54693248501272
562.904, -0.06117538874830248
563.0, -0.10473040035432485
563.097, -0.11707067687765185
563.194, -0.12822717019695842
563.291, -0.18635885853735404
563.387, -0.1260327109710025
563.484, -0.04967356646205475
563.581, -0.10480038222390221
563.678, -0.17546731608983118
563.774, 0.7712763375285214
563.871, 0.02632406143988102
563.968, -0.018406582754090236
564.064, 0.028759370111616823
564.161, -0.07527548126674163
564.258, -0.08512842453859566
564.354, 0.1557858640456866
564.451, 0.09562136546215302
564.548, 0.07701072563256278
564.644, 0.060602969883699585
564.741, 0.029271657558445265
564.837, -0.06981805092804956
564.934, -0.003944573248891015
565.031, 0.03897984085895308
565.127, 0.0607884915199515
565.224, 0.19928341450199585
565.32, 0.4537853029177859
565.417, 0.12719217442016661
565.513, 0.27117751832272524
565.61, 0.3584188362330516
565.706, 0.44541767223816764
565.803, 0.39408094019761364
565.899, 0.3425741391066317
565.996, 0.4782748702037382
566.092, 0.40862543755961606
566.189, 0.4353385565048281
566.285, 0.49963733490164725
566.382, 0.565477467754447
566.478, 0.7573009579528852
566.574, 0.8915976474719032
566.671, 0.6582431834669642
566.767, 0.6908496174158724
566.864, 0.6452710410114979
566.96, 0.7990100591749427
567.056, 0.6618815166934734
567.153, 1.2706190768058463
567.249, 1.014472717034649
567.345, 1.0343899412710749
567.442, 1.1663887120305985
567.538, 1.1238485826199294
567.634, 1.0361042836060952
567.731, 0.9707904236664476
567.827, 1.046914735130211
567.923, 1.086566652815261
568.019, 0.7414235339758705
568.116, 0.6403373632560838
568.212, 0.5491059234486715
568.308, 0.720584807826572
568.404, 0.597446791830138
568.501, 0.5000406917377858
568.597, 0.5454665774400771
568.693, 0.3717566845918434
568.789, 1.821718529645403
568.885, 0.33988760024540104
568.982, 0.3090718512913347
569.078, 0.16805866801638186
569.174, 0.27922349575138267
569.27, -0.015946153393034145
569.366, 0.23410210707328846
569.462, 0.09677594698956792
569.558, -0.028232414102028907
569.655, 0.06336687938849557
569.751, -0.09249152312206829
569.847, -0.08405742245038123
569.943, -0.07014030286277564
570.039, -0.19704599613901116
570.135, 0.8839531209065892
570.231, -0.058324929238801414
570.327, 0.24140614174764483
570.423, 0.1512332813995378
570.519, 0.052444800078379525
570.615, -0.08646220156730157
570.711, 0.08175777454760579
570.807, 0.07942394298714524
570.903, -0.10668363013099319
570.999, -0.014473859550200599
571.095, 0.00498447685913066
571.191, -0.07636874123174674
571.287, 0.003587994639615217
571.383, 0.0594320889480353
571.479, -0.07158932047982101
571.574, 0.09185739545685677
571.67, -0.1298668036557337
571.766, 0.24123760771047664
571.862, -0.14320671985693217
571.958, -0.2157557101207964
572.054, -0.02534974158863391
572.15, -0.327208055891517
572.246, -0.35383869497533554
572.341, -0.07071767084955521
572.437, -0.2224381129728175
572.533, -0.15196289420519726
572.629, -0.23173382953020413
572.725, -0.2583474652086783
572.82, -0.3205572187386321
572.916, -0.041507766391186515
573.012, -0.30190947887114833
573.108, -0.10431264543345456
573.203, -0.3204223930059208
573.299, -0.4103756453998736
573.395, -0.4266080129260392
573.49, -0.4572707468548879
573.586, -0.4197002748524605
573.682, -0.34405731667694583
573.778, -0.014023085723397912
573.873, -0.42269956446938517
573.969, -0.4455202050556672
574.065, -0.3782609526505797
574.16, -0.34001994747782477
574.256, -0.3705005400971106
574.351, -0.20247674463988338
574.447, -0.4338379160903938
574.543, -0.3850967046372891
574.638, -0.1537210443671216
574.734, -0.27930666773165663
574.829, 0.12443130511627086
574.925, -0.3169660820787045
575.02, -0.38263040592068837
575.116, -0.42111549542571153
575.212, -0.34283141050192867
575.307, -0.07353457419224098
575.403, -0.3993483159624088
575.498, -0.2978873198278654
575.594, -0.39913552845763806
575.689, -0.2638045326327741
575.784, -0.29017473026525215
575.88, -0.3054392517514674
575.975, -0.2306505239783008
576.071, -0.4604453968515588
576.166, -0.5038473155309183
576.262, -0.41138089146445067
576.357, -0.5024287866992421
576.452, -0.0828124981843576
576.548, -0.3500788212615464
576.643, -0.4678168943206132
576.739, -0.3576419057709776
576.834, -0.3806177245449635
576.929, -0.3841755788455405
577.025, 1.0527921272622494
577.12, -0.41353696102797555
577.215, -0.5565312336573683
577.311, -0.4112954922576934
577.406, -0.2826306105451069
577.501, -0.11357965185976146
577.597, -0.619019658088153
577.692, -0.190913554528774
577.787, -0.22334285702206727
577.882, -0.5097584796100353
577.978, -0.4625115650468809
578.073, -0.5396134494023614
578.168, -0.6104136972920515
578.263, -0.5900942565197231
578.358, -0.5401389634174977
578.454, -0.5945398332027647
578.549, -0.6374509284649703
578.644, -0.6525638621199866
578.739, -0.4260316710365884
578.834, -0.6041347906290779
578.929, -0.6405375648333489
579.025, -0.6020364839589046
579.12, -0.43239047641056766
579.215, -0.014977008535699467
579.31, -0.12600197384533768
579.405, -0.6112520530143888
579.5, -0.41422896766475725
579.595, -0.5401872226543394
579.69, -0.6855253257839405
579.785, -0.6351111317172333
579.88, -0.6189063430304946
579.975, -0.5722567465251143
580.07, -0.6298043260356877
580.165, -0.561162323306073
580.26, -0.3332573410668383
580.355, -0.536897874457713
580.45, -0.6218441825538289
580.545, -0.6563180460330719
580.64, -0.5635941066933517
580.735, -0.3977565997103429
580.83, -0.4766192614928199
580.925, -0.673145977688162
581.02, -0.7265955699533767
581.115, -0.6974581513195983
581.21, -0.7721599633957003
581.305, -0.5952758467272011
581.4, -0.5890069683989312
581.495, -0.6577973495667627
581.589, -0.6266851497913535
581.684, -0.759110551064291
581.779, -0.5013780450366275
581.874, -0.5735043176629641
581.969, -0.5278697557484011
582.064, -0.7191668264821439
582.158, -0.693729451900187
582.253, -0.7492566221218999
582.348, -0.6502334085753518
582.443, -0.6066384609035685
582.537, -0.6534503216639842
582.632, -0.20659225873462028
582.727, -0.6095908531421567
582.822, -0.6998929169249994
582.916, -0.7360169570399974
583.011, -0.7039396334504893
583.106, -0.5722296067128299
583.201, -0.7230741361473426
583.295, -0.6427432588912078
583.39, -0.7819979683386195
583.485, -0.7893904760285191
583.579, 2.9500178511197195
583.674, -0.23244908629661815
583.769, -0.15192250559048953
583.863, -0.6423607845200577
583.958, -0.6675197577780151
584.052, -0.8574895737173576
584.147, -0.7526893753664572
584.242, -0.8056733232969067
584.336, -0.7300353457529701
584.431, -0.3482681997032265
584.525, -0.7623190867025931
584.62, -0.37248294364997986
584.714, -0.5634448148329421
584.809, -0.653216951520714
584.903, -0.660717264362359
584.998, -0.6045767530306922
585.092, -0.8698952469225479
585.187, -0.7147872657812088
585.281, -0.8123018161830209
585.376, -0.7035072498207698
585.47, -0.640123591995894
585.565, -0.707732718363604
585.659, -0.9190670525061609
585.754, -0.7876014194658836
585.848, -0.6768420116886525
585.942, -0.7940379007043383
586.037, -0.7810209127582778
586.131, 1.9407982892196534
586.226, -0.5453268294984839
586.32, -0.6157108113033494
586.414, -0.9255088134143766
586.509, -0.5519637565320895
586.603, -0.6120707613347296
586.697, -0.7514775834125104
586.792, -0.8169194950790793
586.886, -0.8924047149930835
586.98, -0.5474265135606956
587.075, -0.7433997549548859
587.169, -0.8215094847053219
587.263, -0.3554326788916643
587.357, -0.6816813961837684
587.452, -0.8471267711342813
587.546, -0.5460233345120459
587.64, -0.8407571138274725
587.734, -0.7280937433055119
587.829, -0.6648040037559961
587.923, -0.7921836046973462
588.017, -0.737161843158255
588.111, -0.7855491060866483
588.205, -0.5597859454577798
588.3, -0.7777612386952865
588.394, -0.8516405444951874
588.488, -0.7952826244553517
588.582, -0.5426826894637913
588.676, -0.35189908630019184
588.77, 0.4057406043627962
588.864, 2.0740739329946227
588.958, 1.780141002630585
589.052, 0.8505382638948428
589.147, 0.30566330523552576
589.241, -0.1497496003559182
589.335, -0.180947839047282
589.429, 1.1262849981080223
589.523, 1.334757298027378
589.617, 0.8362774870146433
589.711, 0.10633194415446362
589.805, -0.31210306379568314
589.899, -0.3505632446618369
589.993, -0.7187444995116348
590.087, -0.8436278415555118
590.181, -0.8813933984202681
590.275, -0.737400827416785
590.369, -0.7981506422448452
590.462, -0.9193177708420961
590.556, -0.9150288641317943
590.65, -0.9116942452081499
590.744, -0.8517516713331005
590.838, -0.8987206876049135
590.932, -0.8472465468197833
591.026, -0.7033662798159634
591.12, -0.4331210653759929
591.214, -0.7753759315290916
591.307, -0.7508280856109674
591.401, -0.814474032243469
591.495, -0.662182186531043
591.589, -0.8520203287667195
591.683, -0.7654842344094982
591.777, -0.6625888661236189
591.87, 0.06248975683063175
591.964, -0.6381612330066011
592.058, -0.8227398026800196
592.152, -0.6296353864062262
592.245, -0.7334870752630205
592.339, -0.5745478500979996
592.433, -0.46653726831473535
592.527, -0.6311747936521418
592.62, -0.8108182518979703
592.714, -0.682940151037776
592.808, -0.5356443527759823
592.901, -0.6015259688567522
592.995, -0.783861845528309
593.089, -0.154512687627792
593.182, -0.5327174055611147
593.276, -0.7165211948048786
593.37, -0.7805684186576995
593.463, -0.7453805704441367
593.557, -0.6686304941169098
593.65, -0.7277561342258649
593.744, -0.6696449082604061
593.837, -0.4878108138264434
593.931, -0.7434154428547262
594.025, 6.31167121154561
594.118, 0.037097644020218964
594.212, -0.7288978084469228
594.305, -0.7975071089398137
594.399, -0.624363598012666
594.492, 0.06251558202095699
594.586, -0.6898865929829693
594.679, -0.7910555533858653
594.773, -0.8137360881403067
594.866, -0.666346192743383
594.96, -0.8236244132378883
595.053, -0.8743053228886208
595.146, -0.8356528992199349
595.24, -0.869130725429336
595.333, -0.9024658559834842
595.427, -1.0125460863646065
595.52, -0.9496266144483346
595.614, -0.5471561901779088
595.707, -0.7985366548585296
595.8, -0.8896309240267617
595.894, -0.8262264838519002
595.987, -0.9360018835652194
596.08, -1.0145653052888288
596.174, -0.008708979957219422
596.267, -0.5933224241354482
596.36, -0.6101326992483762
596.454, -0.5363756830882929
596.547, -0.6925972942195867
596.64, -0.9475099407290066
596.733, -1.0053959023824088
596.827, -0.7165885040657377
596.92, -0.89178786946442
597.013, -1.0749458586402392
597.106, -1.067015307510508
597.2, -1.0281837548097694
597.293, -1.0424773297715197
597.386, -0.43384609194726825
597.479, -0.8497265489629174
597.572, -0.8597697067003548
597.666, -1.0104520995918291
597.759, -0.9643754900947473
597.852, -0.7407482304393539
597.945, -1.0295685036814317
598.038, -0.9877779964708863
598.131, -0.9767137825054755
598.224, -0.9737979066487654
598.317, -0.7786698394891779
598.411, -0.8869623654642742
598.504, -1.0394074672652964
598.597, -0.8337355764281947
598.69, -0.9909839065390396
598.783, -1.0334949411357321
598.876, -0.892941929204868
598.969, -0.9310982137962612
599.062, -1.1207828205349781
599.155, -0.8606373250446004
599.248, -1.0281789947544
599.341, -0.9161960584549944
599.434, -1.034669530777614
599.527, -0.8718330168249601
599.62, -1.0031348884123388
599.713, -1.0818565735628787
599.806, -0.8347038115912052
599.899, -0.5852098359771642
599.991, -1.035815324438387
600.084, -0.46563125068417216
600.177, -1.0174720952163085
600.27, -1.0565581352860713
600.363, -0.5915919077647526
600.456, -0.9919297765354218
600.549, -0.8892490568716584
600.642, -1.0991628457282216
600.734, -1.0317598180133318
600.827, -1.0094037554116664
600.92, -0.7670518928600303
601.013, -0.9825286755086228
601.106, -0.8045012305992004
601.199, -1.0537958575767368
601.291, -1.0297546508267674
601.384, -0.9765943857085759
601.477, -0.5349278261301627
601.57, -0.7677721957885114
601.662, -1.0387932277813252
601.755, -0.9737506190590638
601.848, -0.8931327612499085
601.94, -1.0562458696161465
602.033, -0.7352592695806318
602.126, -0.9443948713707998
602.219, -1.022699890179152
602.311, -0.719585700733193
602.404, -1.036182631085041
602.497, -1.015917373948409
602.589, -1.063430857014184
602.682, -0.9230779211656455
602.774, -0.909205558285282
602.867, -0.9662712738966959
602.96, -0.9965774862115041
603.052, -0.9674745791990736
603.145, -1.0273228571484856
603.237, -0.995877314497944
603.33, -1.0129510113603257
603.422, -0.7272964502469
603.515, -1.0512395743934169
603.608, -0.9518025212266238
603.7, -0.9662667998017184
603.793, -1.0038630774114392
603.885, -0.956005930875939
603.978, -1.0494177771455107
604.07, -1.0491943136269066
604.163, -1.0715751442322843
604.255, -0.9569062580786649
604.347, -1.0941361659660582
604.44, -1.1507828253713104
604.532, -0.8690978492708538
604.625, -0.9751410200685823
604.717, -1.064895811403824
604.81, -0.9199356387953885
604.902, -1.0416939309640447
604.994, -1.1195568475518969
605.087, -1.1103670811126736
605.179, -1.055127952525703
605.271, -0.9849610463759746
605.364, -1.0111801659090676
605.456, -0.9010760103971238
605.548, -1.0454735190437057
605.641, -1.0246381668808495
605.733, -1.0647775377488093
605.825, -0.9803520080878144
605.918, -1.1526157725746535
606.01, -0.6810301360982721
606.102, 0.06534683948571333
606.194, -0.9406654362807049
606.287, -0.6979519874945499
606.379, -1.0640934612110289
606.471, -0.9842413583284387
606.563, -0.8703706589754225
606.655, -0.8694260747682759
606.748, -0.8431274152080237
606.84, -1.0304296595479705
606.932, -0.8772518785339646
607.024, -1.0565386958969751
607.116, -1.1243315449569518
607.208, -1.0767368084653945
607.301, -0.963108015712085
607.393, -1.0640176796080931
607.485, -1.0044814909016917
607.577, -0.9069075063392029
607.669, -0.7697680814435334
607.761, -0.8775313255166521
607.853, -0.40827712544750794
607.945, -1.0477248409144122
608.037, -1.1653659027760082
608.129, -1.0592755648224108
608.221, -1.060030804411384
608.313, -1.1107966384519667
608.405, -0.891956929669107
608.497, -0.9934638697343863
608.589, -1.093487283791321
608.681, -0.9899341669391613
608.773, -0.8758293459980786
608.865, -0.9673936453682205
608.957, -0.9512709060671217
609.049, -1.0445319183477657
609.141, -0.8556670330732016
609.233, -1.0663805030458084
609.325, -1.1439794613637615
609.417, -1.091088216943292
609.509, -0.877151656055192
609.601, -0.7186588703178652
609.693, -0.8296663803753619
609.784, -1.0690765237197997
609.876, -1.008694474899656
609.968, -0.9501995875742817
610.06, 3.3186377338944895
610.152, -0.4759570543727849
610.244, 0.6323012416627547
610.335, -0.888656844438371
610.427, -1.0276497605373054
610.519, -1.0323029855624246
610.611, -0.9625522035927733
610.702, -1.049622053711251
610.794, -0.9734999994653404
610.886, -0.8310154570736012
610.978, -0.9396034628343953
611.069, 0.07632341352644686
611.161, -0.9057935727066804
611.253, -0.8040583753644605
611.344, -1.053544721909293
611.436, -1.157392219680433
611.528, -0.9210012744683913
611.62, -1.1233303834591795
611.711, -1.059423192372208
611.803, -1.110440024722996
611.894, -1.1371902887486403
611.986, -1.1189602976152069
612.078, -1.0371119152774864
612.169, -1.0495071394440967
612.261, -1.0988890689313802
612.352, -1.1730531581592119
612.444, -1.1880116068745818
612.536, -0.8771604295129707
612.627, -1.0825697007522412
612.719, -1.2284654672644268
612.81, -1.2381540256019772
612.902, -1.282114894192993
612.993, -1.108729775408954
613.085, -1.1434133349848679
613.176, -1.2968275124515798
613.268, -1.164381090510669
613.359, -1.213322950352623
613.451, -1.206119517613239
613.542, -1.1459636324143172
613.634, -1.2390041078918173
613.725, -1.1612146894060855
613.816, -0.9845823781838541
613.908, -1.2423334542738116
613.999, -1.228307641723155
614.091, -1.388497101296355
614.182, -1.3941030674377957
614.273, -1.1988101955512573
614.365, -1.3443381257901668
614.456, -1.4350300934460385
614.547, -1.3421481136091935
614.639, -1.4277830061605767
614.73, -1.352746372535374
614.821, -1.159525838872716
614.913, -1.444165208243453
615.004, -1.5086148801972334
615.095, -1.4772711390039925
615.187, -1.4928601924737355
